{
  "GPT-4o": {
    "ClassDiagram|kuml": {
      "CR": [
        1.0,
        0.95,
        0.9
      ],
      "FCR": [
        1.0,
        0.95,
        1.0
      ],
      "SF": [
        0.5596762814844405,
        0.5504636306781616,
        0.5683994788713627
      ],
      "HR": [
        0.0433916083916084,
        0.060285547785547774,
        0.044322344322344324
      ],
      "RI": [
        1.0,
        1.0,
        1.1
      ]
    },
    "ClassDiagram|plantuml": {
      "CR": [
        1.0,
        1.0,
        1.0
      ],
      "FCR": [
        1.0,
        1.0,
        1.0
      ],
      "SF": [
        0.4154034382538387,
        0.406330836160192,
        0.4336616375932737
      ],
      "HR": [
        0.07069805194805193,
        0.08843309468309465,
        0.07782287157287156
      ],
      "RI": [
        1.0,
        1.0,
        1.0
      ]
    },
    "ClassDiagram|mermaid": {
      "CR": [
        1.0,
        1.0,
        1.0
      ],
      "FCR": [
        1.0,
        1.0,
        1.0
      ],
      "SF": [
        0.42163121562707656,
        0.4170196787842693,
        0.43638540115571856
      ],
      "HR": [
        0.09631410256410254,
        0.1004807692307692,
        0.07909798534798533
      ],
      "RI": [
        1.0,
        1.0,
        1.0
      ]
    },
    "SequenceDiagram|kuml": {
      "CR": [
        0.8,
        0.9,
        1.0
      ],
      "FCR": [
        0.9,
        0.9,
        1.0
      ],
      "SF": [
        0.586480314752626,
        0.5834238346194869,
        0.6106245581903477
      ],
      "HR": [
        0.05928571428571429,
        0.05928571428571429,
        0.08428571428571427
      ],
      "RI": [
        1.2222222222222223,
        1.0,
        1.0
      ]
    },
    "SequenceDiagram|plantuml": {
      "CR": [
        1.0,
        1.0,
        1.0
      ],
      "FCR": [
        1.0,
        1.0,
        1.0
      ],
      "SF": [
        0.6172595704948646,
        0.5557011289364231,
        0.6171211752158043
      ],
      "HR": [
        0.08428571428571427,
        0.08428571428571427,
        0.08428571428571427
      ],
      "RI": [
        1.0,
        1.0,
        1.0
      ]
    },
    "SequenceDiagram|mermaid": {
      "CR": [
        1.0,
        0.9,
        1.0
      ],
      "FCR": [
        1.0,
        0.9,
        1.0
      ],
      "SF": [
        0.43785620811936593,
        0.3715897501191619,
        0.4424932910227028
      ],
      "HR": [
        0.08428571428571427,
        0.08428571428571427,
        0.08428571428571427
      ],
      "RI": [
        1.0,
        1.0,
        1.0
      ]
    },
    "C4|kuml": {
      "CR": [
        1.0,
        0.8333333333333334,
        0.8333333333333334
      ],
      "FCR": [
        1.0,
        0.8333333333333334,
        0.8333333333333334
      ],
      "SF": [
        0.3943242147286265,
        0.4188310437717459,
        0.4220671893466011
      ],
      "HR": [
        0.18955026455026455,
        0.12920168067226892,
        0.10944794584500467
      ],
      "RI": [
        1.0,
        1.0,
        1.0
      ]
    },
    "C4|plantuml": {
      "CR": [
        0.9166666666666666,
        0.9166666666666666,
        1.0
      ],
      "FCR": [
        0.9166666666666666,
        1.0,
        1.0
      ],
      "SF": [
        0.2667521724950731,
        0.27526945483334936,
        0.2730207608646887
      ],
      "HR": [
        0.15911172161172163,
        0.19436177248677247,
        0.20037767243649598
      ],
      "RI": [
        1.0,
        1.1666666666666667,
        1.0
      ]
    },
    "C4|mermaid": {
      "CR": [
        1.0,
        0.9166666666666666,
        0.8333333333333334
      ],
      "FCR": [
        1.0,
        1.0,
        0.8333333333333334
      ],
      "SF": [
        0.2639073667130943,
        0.28454670544453825,
        0.24298895763679043
      ],
      "HR": [
        0.1888631836000257,
        0.2005804441659705,
        0.148385989010989
      ],
      "RI": [
        1.0,
        1.0833333333333333,
        1.0
      ]
    },
    "SysML2|kuml": {
      "CR": [
        0.375,
        0.25,
        0.25
      ],
      "FCR": [
        0.875,
        0.75,
        0.75
      ],
      "SF": [
        0.17408269721053296,
        0.1530386335156072,
        0.1968043500294855
      ],
      "HR": [
        0.2717681623931624,
        0.21524064171122995,
        0.21164619694031458
      ],
      "RI": [
        1.7142857142857142,
        1.6666666666666667,
        1.6666666666666667
      ]
    },
    "SysML2|plantuml": {
      "CR": [
        1.0,
        1.0,
        1.0
      ],
      "FCR": [
        1.0,
        1.0,
        1.0
      ],
      "SF": [
        0.09854767659713731,
        0.09859212894422123,
        0.09859212894422123
      ],
      "HR": [
        0.6361707736707737,
        0.6361707736707737,
        0.6222818847818847
      ],
      "RI": [
        1.0,
        1.0,
        1.0
      ]
    },
    "SysML2|mermaid": {
      "CR": [
        1.0,
        1.0,
        1.0
      ],
      "FCR": [
        1.0,
        1.0,
        1.0
      ],
      "SF": [
        0.09859212894422123,
        0.09859212894422123,
        0.09887140257875802
      ],
      "HR": [
        0.6166000666000666,
        0.627963702963703,
        0.6395798645798646
      ],
      "RI": [
        1.0,
        1.0,
        1.0
      ]
    }
  },
  "Gemini 2.5 Flash": {
    "ClassDiagram|kuml": {
      "CR": [
        0.8,
        0.9,
        0.95
      ],
      "FCR": [
        1.0,
        1.0,
        1.0
      ],
      "SF": [
        0.508238186098051,
        0.5054271878605555,
        0.5284203650302299
      ],
      "HR": [
        0.07703754578754576,
        0.08684093684093684,
        0.07666361416361415
      ],
      "RI": [
        1.2,
        1.1,
        1.05
      ]
    },
    "ClassDiagram|plantuml": {
      "CR": [
        0.9,
        1.0,
        0.9
      ],
      "FCR": [
        0.95,
        1.0,
        0.95
      ],
      "SF": [
        0.4710409506751418,
        0.49849249909447274,
        0.44940162454822064
      ],
      "HR": [
        0.09350885225885226,
        0.0734126984126984,
        0.05501859251859252
      ],
      "RI": [
        1.0526315789473684,
        1.0,
        1.0526315789473684
      ]
    },
    "ClassDiagram|mermaid": {
      "CR": [
        1.0,
        0.9,
        1.0
      ],
      "FCR": [
        1.0,
        1.0,
        1.0
      ],
      "SF": [
        0.5432797840722863,
        0.535738292312569,
        0.5306550954585945
      ],
      "HR": [
        0.09310897435897436,
        0.05715534465534465,
        0.09296398046398047
      ],
      "RI": [
        1.0,
        1.2,
        1.0
      ]
    },
    "SequenceDiagram|kuml": {
      "CR": [
        0.9,
        0.7,
        1.0
      ],
      "FCR": [
        1.0,
        0.7,
        1.0
      ],
      "SF": [
        0.13221916971916972,
        0.05488816738816739,
        0.1265559732664996
      ],
      "HR": [
        0.6464285714285714,
        0.4714285714285714,
        0.6364285714285713
      ],
      "RI": [
        1.1,
        1.0,
        1.0
      ]
    },
    "SequenceDiagram|plantuml": {
      "CR": [
        0.9,
        0.9,
        1.0
      ],
      "FCR": [
        1.0,
        0.9,
        1.0
      ],
      "SF": [
        0.3041746031746032,
        0.5014105339105338,
        0.5070799814220865
      ],
      "HR": [
        0.18928571428571428,
        0.1742857142857143,
        0.16928571428571426
      ],
      "RI": [
        1.1,
        1.0,
        1.0
      ]
    },
    "SequenceDiagram|mermaid": {
      "CR": [
        1.0,
        1.0,
        1.0
      ],
      "FCR": [
        1.0,
        1.0,
        1.0
      ],
      "SF": [
        0.3204639804639805,
        0.27130647130647134,
        0.22876678876678874
      ],