{
  "GPT-4o": {
    "Simple|kuml": {
      "CR": [
        0.9333333333333333,
        0.8,
        0.9333333333333333
      ],
      "FCR": [
        0.9333333333333333,
        0.8666666666666667,
        0.9333333333333333
      ],
      "SF": [
        0.5283333333333333,
        0.5343518518518519,
        0.5467307692307692
      ],
      "HR": [
        0.11198412698412699,
        0.09571428571428571,
        0.08857142857142856
      ],
      "RI": [
        1.0,
        1.0769230769230769,
        1.0
      ]
    },
    "Simple|plantuml": {
      "CR": [
        1.0,
        1.0,
        1.0
      ],
      "FCR": [
        1.0,
        1.0,
        1.0
      ],
      "SF": [
        0.3910137085137085,
        0.3401406926406926,
        0.40222582972582976
      ],
      "HR": [
        0.16714285714285718,
        0.1766666666666667,
        0.16952380952380955
      ],
      "RI": [
        1.0,
        1.0,
        1.0
      ]
    },
    "Simple|mermaid": {
      "CR": [
        1.0,
        1.0,
        1.0
      ],
      "FCR": [
        1.0,
        1.0,
        1.0
      ],
      "SF": [
        0.35684704184704186,
        0.3651803751803752,
        0.37732323232323234
      ],
      "HR": [
        0.16714285714285718,
        0.1754761904761905,
        0.1385714285714286
      ],
      "RI": [
        1.0,
        1.0,
        1.0
      ]
    },
    "Medium|kuml": {
      "CR": [
        0.9,
        0.85,
        0.85
      ],
      "FCR": [
        0.95,
        0.85,
        0.9
      ],
      "SF": [
        0.4979230358564724,
        0.5004356621190987,
        0.538487132707334
      ],
      "HR": [
        0.12113095238095237,
        0.0993939393939394,
        0.09452380952380951
      ],
      "RI": [
        1.0526315789473684,
        1.0,
        1.0555555555555556
      ]
    },
    "Medium|plantuml": {
      "CR": [
        1.0,
        1.0,
        1.0
      ],
      "FCR": [
        1.0,
        1.0,
        1.0
      ],
      "SF": [
        0.4142917330515763,
        0.419340852641137,
        0.42734101220379656
      ],
      "HR": [
        0.16477258852258853,
        0.169265873015873,
        0.1609630647130647
      ],
      "RI": [
        1.0,
        1.0,
        1.0
      ]
    },
    "Medium|mermaid": {
      "CR": [
        1.0,
        0.95,
        1.0
      ],
      "FCR": [
        1.0,
        0.95,
        1.0
      ],
      "SF": [
        0.3688129430507275,
        0.34391415032298733,
        0.37486611502495204
      ],
      "HR": [
        0.15492049617049616,
        0.16399891774891776,
        0.1766515429015429
      ],
      "RI": [
        1.0,
        1.0,
        1.0
      ]
    },
    "Complex|kuml": {
      "CR": [
        0.7333333333333333,
        0.7333333333333333,
        0.6
      ],
      "FCR": [
        1.0,
        0.9333333333333333,
        0.9333333333333333
      ],
      "SF": [
        0.35329468096756,
        0.33798676886561047,
        0.34285146927450744
      ],
      "HR": [
        0.12047045547045546,
        0.10982135511547278,
        0.10112008906126554
      ],
      "RI": [
        1.4,
        1.2142857142857142,
        1.3571428571428572
      ]
    },
    "Complex|plantuml": {
      "CR": [
        0.9333333333333333,
        0.9333333333333333,
        1.0
      ],
      "FCR": [
        0.9333333333333333,
        1.0,
        1.0
      ],
      "SF": [
        0.2879354442670828,
        0.28577807064592686,
        0.28861486506601175
      ],
      "HR": [
        0.23019536019536022,
        0.26652726902726903,
        0.26799888564594443
      ],
      "RI": [
        1.0,
        1.1333333333333333,
        1.0
      ]
    },
    "Complex|mermaid": {
      "CR": [
        1.0,
        0.9333333333333333,
        0.8666666666666667
      ],
      "FCR": [
        1.0,
        1.0,
        0.8666666666666667
      ],
      "SF": [
        0.26918982247506096,
        0.2602399959733239,
        0.24682059068436146
      ],
      "HR": [
        0.29084967663915035,
        0.29140175127017237,
        0.24736568986568988
      ],
      "RI": [
        1.0,
        1.0666666666666667,
        1.0
      ]
    }
  },
  "Gemini 2.5 Flash": {
    "Simple|kuml": {
      "CR": [
        0.6666666666666666,
        0.8,
        0.6
      ],
      "FCR": [
        0.8,
        0.8666666666666667,
        0.6666666666666666
      ],
      "SF": [
        0.327976837976838,
        0.39295038295038304,
        0.2882678432678433
      ],
      "HR": [
        0.2154401154401154,
        0.1976190476190476,
        0.1595238095238095
      ],
      "RI": [
        1.1666666666666667,
        1.1538461538461537,
        1.1
      ]
    },
    "Simple|plantuml": {
      "CR": [
        1.0,
        1.0,
        1.0
      ],
      "FCR": [
        1.0,
        1.0,
        1.0
      ],
      "SF": [
        0.3960744810744812,
        0.4533516483516484,
        0.44901154401154403
      ],
      "HR": [
        0.2041414141414141,
        0.22817460317460317,
        0.17800976800976803
      ],
      "RI": [
        1.0,
        1.0,
        1.0
      ]
    },
    "Simple|mermaid": {
      "CR": [
        1.0,
        1.0,
        1.0
      ],
      "FCR": [
        1.0,
        1.0,
        1.0
      ],
      "SF": [
        0.44511904761904764,
        0.3874206349206349,
        0.41154761904761905
      ],
      "HR": [
        0.21,
        0.261984126984127,
        0.23075702075702073
      ],
      "RI": [
        1.0,
        1.0,
        1.0
      ]
    },
    "Medium|kuml": {
      "CR": [
        0.45,
        0.45,
        0.6
      ],
      "FCR": [
        0.65,
        0.65,
        0.65
      ],
      "SF": [
        0.23073403204982146,
        0.2271789321789321,
        0.2464393939393939
      ],
      "HR": [
        0.20803571428571432,
        0.19015262515262518,
        0.19900793650793652
      ],
      "RI": [
        1.3076923076923077,
        1.3846153846153846,
        1.1538461538461537
      ]
    },
    "Medium|plantuml": {
      "CR": [
        0.9,
        0.95,
        0.9
      ],
      "FCR": [
        1.0,
        1.0,
        1.0
      ],
      "SF": [
        0.34691979105308623,
        0.39068592312400363,
        0.3618548830508717
      ],
      "HR": [
        0.21745781995781996,
        0.17637973137973137,
        0.20429639804639804
      ],
      "RI": [
        1.1,
        1.05,
        1.15
      ]
    },
    "Medium|mermaid": {
      "CR": [
        1.0,
        0.95,
        1.0
      ],
      "FCR": [
        1.0,
        1.0,
        1.0
      ],
      "SF": [
        0.3547622263955217,
        0.35017958211379263,
        0.3080905198602567
      ],
      "HR": [
        0.2201190476190476,
        0.219757326007326,
        0.2689230214230215
      ],
      "RI": [
        1.0,
        1.1,
        1.0
      ]
    },
    "Complex|kuml": {
      "CR": [
        0.4666666666666667,
        0.4666666666666667,
        0.6
      ],
      "FCR": [
        0.8,
        0.5333333333333333,
        0.6666666666666666
      ],
      "SF": [
        0.26213709884852615,
        0.2111577637500802,
        0.2390478667733009
      ],
      "HR": [
        0.19693223443223443,
        0.08377733377733378,
        0.15115995115995118
      ],
      "RI": [
        1.4166666666666667,
        1.125,
        1.1
      ]
    },
    "Complex|plantuml": {
      "CR": [
        0.8,
        0.9333333333333333,
        0.8666666666666667
      ],
      "FCR": [
        0.9333333333333333,
        0.9333333333333333,
        0.9333333333333333
      ],
      "SF": [
        0.2659025574476424,
        0.2965112095909968,
        0.28238014322733723
      ],
      "HR": [
        0.2340493012319638,
        0.22809218559218555,
        0.23162967149809255
      ],
      "RI": [
        1.2142857142857142,
        1.0,
        1.0714285714285714
      ]
    },