{
  "Claude Sonnet 5": {
    "sf_vs_plantuml": {
      "n": 150,
      "mean_diff": 0.07092856026976636,
      "median_diff": 0.0,
      "t_stat": 3.640448924580334,
      "t_p": 0.0003747592153957422,
      "wilcoxon_stat": 2513.0,
      "wilcoxon_p": 0.00232043734695845
    },
    "sf_vs_mermaid": {
      "n": 150,
      "mean_diff": 0.0824504088297929,
      "median_diff": 0.0,
      "t_stat": 4.0868629599358295,
      "t_p": 7.121470032652137e-05,
      "wilcoxon_stat": 1974.5,
      "wilcoxon_p": 0.0005536768700622686
    },
    "hr_vs_plantuml": {
      "n": 150,
      "mean_diff": -0.03742313512903094,
      "median_diff": 0.0,
      "t_stat": -1.7575771557569804,
      "t_p": 0.08087315042171786,
      "wilcoxon_stat": 1019.0,
      "wilcoxon_p": 0.047078572171773345
    },
    "hr_vs_mermaid": {
      "n": 150,
      "mean_diff": -0.07281833763321177,
      "median_diff": 0.0,
      "t_stat": -2.908721837753461,
      "t_p": 0.004185038214885494,
      "wilcoxon_stat": 572.0,
      "wilcoxon_p": 0.0017457376360767184
    }
  },
  "GPT-4o": {
    "sf_vs_plantuml": {
      "n": 150,
      "mean_diff": 0.10156699063795735,
      "median_diff": 0.04122869883739451,
      "t_stat": 6.487881361312973,
      "t_p": 1.2111403732572805e-09,
      "wilcoxon_stat": 1597.5,
      "wilcoxon_p": 2.2422884116224353e-08
    },
    "sf_vs_mermaid": {
      "n": 150,
      "mean_diff": 0.1366951311419221,
      "median_diff": 0.10884162277351131,
      "t_stat": 8.07064730509405,
      "t_p": 2.1517798094081095e-13,
      "wilcoxon_stat": 1436.0,
      "wilcoxon_p": 5.613744235819224e-13
    },
    "hr_vs_plantuml": {
      "n": 150,
      "mean_diff": -0.0890310207221972,
      "median_diff": 0.0,
      "t_stat": -5.155642718522942,
      "t_p": 7.917338603456625e-07,
      "wilcoxon_stat": 376.5,
      "wilcoxon_p": 2.385224783612038e-07
    },
    "hr_vs_mermaid": {
      "n": 150,
      "mean_diff": -0.09238221937447944,
      "median_diff": 0.0,
      "t_stat": -5.4299919742161,
      "t_p": 2.2397899727978185e-07,
      "wilcoxon_stat": 284.5,
      "wilcoxon_p": 2.054607114736399e-08
    }
  },
  "Gemini 2.5 Flash": {
    "sf_vs_plantuml": {
      "n": 150,
      "mean_diff": -0.09485047755497637,
      "median_diff": -0.03333333333333333,
      "t_stat": -4.195275079478786,
      "t_p": 4.6619399961503657e-05,
      "wilcoxon_stat": 2631.5,
      "wilcoxon_p": 0.00015785761932132054
    },
    "sf_vs_mermaid": {
      "n": 150,
      "mean_diff": -0.07198037401379079,
      "median_diff": -0.04044391281233389,
      "t_stat": -3.996418059090669,
      "t_p": 0.0001008025817127974,
      "wilcoxon_stat": 2175.0,
      "wilcoxon_p": 1.4071743104185124e-05
    },
    "hr_vs_plantuml": {
      "n": 150,
      "mean_diff": -0.030089468294576652,
      "median_diff": 0.0,
      "t_stat": -1.0511487526042418,
      "t_p": 0.2948920839073863,
      "wilcoxon_stat": 1943.0,
      "wilcoxon_p": 0.0872735628182129
    },
    "hr_vs_mermaid": {
      "n": 150,
      "mean_diff": -0.07567132380290274,
      "median_diff": 0.0,
      "t_stat": -2.748552060395544,
      "t_p": 0.006726164968685196,
      "wilcoxon_stat": 1187.0,
      "wilcoxon_p": 0.0020884727079412205
    }
  },
  "Gemini 2.5 Pro": {
    "sf_vs_plantuml": {
      "n": 150,
      "mean_diff": -0.07755441278810903,
      "median_diff": -0.02077991452991454,
      "t_stat": -5.024548169200699,
      "t_p": 1.4264229085109092e-06,
      "wilcoxon_stat": 1696.5,
      "wilcoxon_p": 1.8118025659459357e-06
    },
    "sf_vs_mermaid": {
      "n": 150,
      "mean_diff": -0.06539822363775732,
      "median_diff": -0.0223410576351753,
      "t_stat": -4.299435256650077,
      "t_p": 3.08049048318282e-05,
      "wilcoxon_stat": 1569.0,
      "wilcoxon_p": 1.360297978771288e-06
    },
    "hr_vs_plantuml": {
      "n": 150,
      "mean_diff": -0.03350044270601546,
      "median_diff": 0.0,
      "t_stat": -1.314161926913753,
      "t_p": 0.1908112553541876,
      "wilcoxon_stat": 1561.5,
      "wilcoxon_p": 0.02451358126104377
    },
    "hr_vs_mermaid": {
      "n": 150,
      "mean_diff": -0.10567161762672599,
      "median_diff": 0.0,
      "t_stat": -4.230262667041088,
      "t_p": 4.059431236487601e-05,
      "wilcoxon_stat": 673.5,
      "wilcoxon_p": 9.391730673950388e-06
    }
  }
}