{
  "overall": {
    "kuml": {
      "label": "kuml",
      "n": 50,
      "CR": 0.78,
      "FCR": 0.98,
      "SF": 0.45270951280069754,
      "SF_nodes": 0.6063512053379433,
      "SF_edges": 0.2990678202634516,
      "HR": 0.1541640552430026,
      "RI": 1.2653061224489797
    },
    "plantuml": {
      "label": "plantuml",
      "n": 50,
      "CR": 0.98,
      "FCR": 1.0,
      "SF": 0.3787176693914365,
      "SF_nodes": 0.5319732857524785,
      "SF_edges": 0.22546205303039418,
      "HR": 0.16462046725204618,
      "RI": 1.02
    },
    "mermaid": {
      "label": "mermaid",
      "n": 50,
      "CR": 0.98,
      "FCR": 1.0,
      "SF": 0.37401198978384476,
      "SF_nodes": 0.5172987936425035,
      "SF_edges": 0.23072518592518587,
      "HR": 0.2191450566976883,
      "RI": 1.02
    }
  },
  "by_family": {
    "ClassDiagram": {
      "kuml": {
        "label": "ClassDiagram/kuml",
        "n": 20,
        "CR": 0.95,
        "FCR": 1.0,
        "SF": 0.6211332972582974,
        "SF_nodes": 0.7664285714285713,
        "SF_edges": 0.47583802308802314,
        "HR": 0.03551282051282051,
        "RI": 1.05
      },
      "plantuml": {
        "label": "ClassDiagram/plantuml",
        "n": 20,
        "CR": 1.0,
        "FCR": 1.0,
        "SF": 0.5918740156901922,
        "SF_nodes": 0.7369569646040234,
        "SF_edges": 0.44679106677636077,
        "HR": 0.05759615384615384,
        "RI": 1.0
      },
      "mermaid": {
        "label": "ClassDiagram/mermaid",
        "n": 20,
        "CR": 1.0,
        "FCR": 1.0,
        "SF": 0.5353433344261517,
        "SF_nodes": 0.6902326783983129,
        "SF_edges": 0.3804539904539904,
        "HR": 0.05426282051282051,
        "RI": 1.0
      }
    },
    "SequenceDiagram": {
      "kuml": {
        "label": "SequenceDiagram/kuml",
        "n": 10,
        "CR": 1.0,
        "FCR": 1.0,
        "SF": 0.3104226329226329,
        "SF_nodes": 0.44134920634920627,
        "SF_edges": 0.17949605949605946,
        "HR": 0.3476190476190476,
        "RI": 1.0
      },
      "plantuml": {
        "label": "SequenceDiagram/plantuml",
        "n": 10,
        "CR": 0.9,
        "FCR": 1.0,
        "SF": 0.19840238264151305,
        "SF_nodes": 0.3019552669552669,
        "SF_edges": 0.0948494983277592,
        "HR": 0.23785714285714285,
        "RI": 1.1
      },
      "mermaid": {
        "label": "SequenceDiagram/mermaid",
        "n": 10,
        "CR": 0.9,
        "FCR": 1.0,
        "SF": 0.3615445665445665,
        "SF_nodes": 0.42706349206349203,
        "SF_edges": 0.2960256410256411,
        "HR": 0.3497619047619048,
        "RI": 1.1
      }
    },
    "C4": {
      "kuml": {
        "label": "C4/kuml",
        "n": 12,
        "CR": 0.16666666666666666,
        "FCR": 0.9166666666666666,
        "SF": 0.3593365491639922,
        "SF_nodes": 0.5331928378477239,
        "SF_edges": 0.18548026048026048,
        "HR": 0.17766330891330892,
        "RI": 2.090909090909091
      },
      "plantuml": {
        "label": "C4/plantuml",
        "n": 12,
        "CR": 1.0,
        "FCR": 1.0,
        "SF": 0.24097768289511912,
        "SF_nodes": 0.47233998117485365,
        "SF_edges": 0.009615384615384616,
        "HR": 0.18627450765608658,
        "RI": 1.0
      },
      "mermaid": {
        "label": "C4/mermaid",
        "n": 12,
        "CR": 1.0,
        "FCR": 1.0,
        "SF": 0.24975393479069952,
        "SF_nodes": 0.4897642798378093,
        "SF_edges": 0.009743589743589744,
        "HR": 0.19767801642801644,
        "RI": 1.0
      }
    },
    "SysML2": {
      "kuml": {
        "label": "SysML2/kuml",
        "n": 8,
        "CR": 1.0,
        "FCR": 1.0,
        "SF": 0.34956809695933616,
        "SF_nodes": 0.5221478400826227,
        "SF_edges": 0.1769883538360496,
        "HR": 0.17372452109294212,
        "RI": 1.0
      },
      "plantuml": {
        "label": "SysML2/plantuml",
        "n": 8,
        "CR": 1.0,
        "FCR": 1.0,
        "SF": 0.27783089182642756,
        "SF_nodes": 0.39648656898656903,
        "SF_edges": 0.15917521466628612,
        "HR": 0.30815434565434574,
        "RI": 1.0
      },
      "mermaid": {
        "label": "SysML2/mermaid",
        "n": 8,
        "CR": 1.0,
        "FCR": 1.0,
        "SF": 0.1726549897168932,
        "SF_nodes": 0.23905997943378643,
        "SF_edges": 0.10625000000000001,
        "HR": 0.5002801474840948,
        "RI": 1.0
      }
    }
  },
  "by_difficulty": {
    "Simple": {
      "kuml": {
        "label": "Simple/kuml",
        "n": 15,
        "CR": 0.8,
        "FCR": 0.9333333333333333,
        "SF": 0.5906055056055056,
        "SF_nodes": 0.7074891774891775,
        "SF_edges": 0.4737218337218337,
        "HR": 0.08968253968253967,
        "RI": 1.1428571428571428
      },
      "plantuml": {
        "label": "Simple/plantuml",
        "n": 15,
        "CR": 1.0,
        "FCR": 1.0,
        "SF": 0.42823112073112074,
        "SF_nodes": 0.5840812890812891,
        "SF_edges": 0.27238095238095245,
        "HR": 0.12349206349206349,
        "RI": 1.0
      },
      "mermaid": {
        "label": "Simple/mermaid",
        "n": 15,
        "CR": 1.0,
        "FCR": 1.0,
        "SF": 0.5188263588263589,
        "SF_nodes": 0.6437638287638289,
        "SF_edges": 0.39388888888888896,
        "HR": 0.09015873015873015,
        "RI": 1.0
      }
    },
    "Medium": {
      "kuml": {
        "label": "Medium/kuml",
        "n": 20,
        "CR": 0.75,
        "FCR": 1.0,
        "SF": 0.429739172184025,
        "SF_nodes": 0.5977923220570279,
        "SF_edges": 0.26168602231102234,
        "HR": 0.18262071262071267,
        "RI": 1.3
      },
      "plantuml": {
        "label": "Medium/plantuml",
        "n": 20,
        "CR": 1.0,
        "FCR": 1.0,
        "SF": 0.3815084821654094,
        "SF_nodes": 0.5248744818133363,
        "SF_edges": 0.23814248251748255,
        "HR": 0.2045104895104895,
        "RI": 1.0
      },
      "mermaid": {
        "label": "Medium/mermaid",
        "n": 20,
        "CR": 1.0,
        "FCR": 1.0,
        "SF": 0.35216155168361046,
        "SF_nodes": 0.5097406025347202,
        "SF_edges": 0.19458250083250087,
        "HR": 0.23170204795204796,
        "RI": 1.0
      }
    },
    "Complex": {
      "kuml": {
        "label": "Complex/kuml",
        "n": 15,
        "CR": 0.8,
        "FCR": 1.0,
        "SF": 0.3454406408181188,
        "SF_nodes": 0.5166250775612627,
        "SF_edges": 0.17425620407497514,
        "HR": 0.18070336096651887,
        "RI": 1.3333333333333333
      },
      "plantuml": {
        "label": "Complex/plantuml",
        "n": 15,
        "CR": 0.9333333333333333,
        "FCR": 1.0,
        "SF": 0.3254831343531216,
        "SF_nodes": 0.48933035434252475,
        "SF_edges": 0.16163591436371855,
        "HR": 0.15256217466743785,
        "RI": 1.0666666666666667
      },
      "mermaid": {
        "label": "Complex/mermaid",
        "n": 15,
        "CR": 0.9333333333333333,
        "FCR": 1.0,
        "SF": 0.2583315382083099,
        "SF_nodes": 0.40091134666489,
        "SF_edges": 0.11575172975172977,
        "HR": 0.3313887282308335,
        "RI": 1.0666666666666667
      }
    }
  }
}